{
  "GET /chat-server/" : {
    "transaction" : "GET /chat-server/",
    "sampleCount" : 70000,
    "errorCount" : 0,
    "errorPct" : 0.0,
    "meanResTime" : 15.943842857142744,
    "medianResTime" : 15.0,
    "minResTime" : 10.0,
    "maxResTime" : 204.0,
    "pct1ResTime" : 18.0,
    "pct2ResTime" : 19.0,
    "pct3ResTime" : 29.0,
    "throughput" : 1135.8104819081616,
    "receivedKBytesPerSec" : 886.2427490670128,
    "sentKBytesPerSec" : 185.23471726431933
  },
  "Total" : {
    "transaction" : "Total",
    "sampleCount" : 100600,
    "errorCount" : 300,
    "errorPct" : 0.29821074,
    "meanResTime" : 19.55117296222639,
    "medianResTime" : 14.0,
    "minResTime" : 0.0,
    "maxResTime" : 6002.0,
    "pct1ResTime" : 17.0,
    "pct2ResTime" : 19.0,
    "pct3ResTime" : 30.0,
    "throughput" : 1632.3219211423009,
    "receivedKBytesPerSec" : 889.4086940207691,
    "sentKBytesPerSec" : 232.56738487242413
  },
  "WebSocket Open Connection" : {
    "transaction" : "WebSocket Open Connection",
    "sampleCount" : 300,
    "errorCount" : 0,
    "errorPct" : 0.0,
    "meanResTime" : 36.04999999999998,
    "medianResTime" : 29.0,
    "minResTime" : 25.0,
    "maxResTime" : 189.0,
    "pct1ResTime" : 51.900000000000034,
    "pct2ResTime" : 69.0,
    "pct3ResTime" : 159.9000000000001,
    "throughput" : 5.011861405325938,
    "receivedKBytesPerSec" : 3.2596676718233155,
    "sentKBytesPerSec" : 1.050190529043737
  },
  "Send Message" : {
    "transaction" : "Send Message",
    "sampleCount" : 30000,
    "errorCount" : 0,
    "errorPct" : 0.0,
    "meanResTime" : 0.006600000000000027,
    "medianResTime" : 0.0,
    "minResTime" : 0.0,
    "maxResTime" : 5.0,
    "pct1ResTime" : 0.0,
    "pct2ResTime" : 0.0,
    "pct3ResTime" : 0.0,
    "throughput" : 501.69740956904195,
    "receivedKBytesPerSec" : 0.0,
    "sentKBytesPerSec" : 47.58044665702293
  },
  "WebSocket Close" : {
    "transaction" : "WebSocket Close",
    "sampleCount" : 300,
    "errorCount" : 300,
    "errorPct" : 100.0,
    "meanResTime" : 2799.219999999996,
    "medianResTime" : 886.0,
    "minResTime" : 0.0,
    "maxResTime" : 6002.0,
    "pct1ResTime" : 6001.0,
    "pct2ResTime" : 6001.0,
    "pct3ResTime" : 6002.0,
    "throughput" : 5.01018738100805,
    "receivedKBytesPerSec" : 0.0,
    "sentKBytesPerSec" : 0.1516755945422359
  }
}