{
  "GET /chat-server/" : {
    "transaction" : "GET /chat-server/",
    "sampleCount" : 70000,
    "errorCount" : 0,
    "errorPct" : 0.0,
    "meanResTime" : 38.71347142857141,
    "medianResTime" : 19.0,
    "minResTime" : 11.0,
    "maxResTime" : 1850.0,
    "pct1ResTime" : 56.0,
    "pct2ResTime" : 102.0,
    "pct3ResTime" : 137.0,
    "throughput" : 1102.6921441061104,
    "receivedKBytesPerSec" : 860.4013897859202,
    "sentKBytesPerSec" : 179.83358209543013
  },
  "Total" : {
    "transaction" : "Total",
    "sampleCount" : 100600,
    "errorCount" : 457,
    "errorPct" : 0.45427436,
    "meanResTime" : 35.815516898607704,
    "medianResTime" : 17.0,
    "minResTime" : 0.0,
    "maxResTime" : 6009.0,
    "pct1ResTime" : 31.0,
    "pct2ResTime" : 54.0,
    "pct3ResTime" : 107.0,
    "throughput" : 1584.7261385296388,
    "receivedKBytesPerSec" : 863.4750210692963,
    "sentKBytesPerSec" : 225.54657102125046
  },
  "WebSocket Open Connection" : {
    "transaction" : "WebSocket Open Connection",
    "sampleCount" : 300,
    "errorCount" : 0,
    "errorPct" : 0.0,
    "meanResTime" : 109.75999999999999,
    "medianResTime" : 75.0,
    "minResTime" : 29.0,
    "maxResTime" : 813.0,
    "pct1ResTime" : 223.7000000000001,
    "pct2ResTime" : 305.7999999999997,
    "pct3ResTime" : 650.890000000001,
    "throughput" : 5.00533902829685,
    "receivedKBytesPerSec" : 3.255425578950881,
    "sentKBytesPerSec" : 1.0486608893236118
  },
  "Send Message" : {
    "transaction" : "Send Message",
    "sampleCount" : 30000,
    "errorCount" : 157,
    "errorPct" : 0.5233333,
    "meanResTime" : 0.011766666666666545,
    "medianResTime" : 0.0,
    "minResTime" : 0.0,
    "maxResTime" : 21.0,
    "pct1ResTime" : 0.0,
    "pct2ResTime" : 0.0,
    "pct3ResTime" : 0.0,
    "throughput" : 501.35365486814396,
    "receivedKBytesPerSec" : 0.0,
    "sentKBytesPerSec" : 47.29490000605802
  },
  "WebSocket Close" : {
    "transaction" : "WebSocket Close",
    "sampleCount" : 300,
    "errorCount" : 300,
    "errorPct" : 100.0,
    "meanResTime" : 2866.0566666666673,
    "medianResTime" : 1325.0,
    "minResTime" : 0.0,
    "maxResTime" : 6009.0,
    "pct1ResTime" : 6002.0,
    "pct2ResTime" : 6002.0,
    "pct3ResTime" : 6004.0,
    "throughput" : 5.007344104686874,
    "receivedKBytesPerSec" : 0.0,
    "sentKBytesPerSec" : 0.15057892200227
  }
}