{
  "GET /chat-server/" : {
    "transaction" : "GET /chat-server/",
    "sampleCount" : 70000,
    "errorCount" : 0,
    "errorPct" : 0.0,
    "meanResTime" : 21.97685714285714,
    "medianResTime" : 15.0,
    "minResTime" : 11.0,
    "maxResTime" : 461.0,
    "pct1ResTime" : 19.0,
    "pct2ResTime" : 21.0,
    "pct3ResTime" : 30.0,
    "throughput" : 1133.823577051411,
    "receivedKBytesPerSec" : 884.6924199844505,
    "sentKBytesPerSec" : 184.91068102303282
  },
  "Total" : {
    "transaction" : "Total",
    "sampleCount" : 100600,
    "errorCount" : 300,
    "errorPct" : 0.29821074,
    "meanResTime" : 23.885099403578362,
    "medianResTime" : 15.0,
    "minResTime" : 0.0,
    "maxResTime" : 6004.0,
    "pct1ResTime" : 18.0,
    "pct2ResTime" : 19.0,
    "pct3ResTime" : 27.0,
    "throughput" : 1629.466455019599,
    "receivedKBytesPerSec" : 887.8528266626713,
    "sentKBytesPerSec" : 232.15792251631896
  },
  "WebSocket Open Connection" : {
    "transaction" : "WebSocket Open Connection",
    "sampleCount" : 300,
    "errorCount" : 0,
    "errorPct" : 0.0,
    "meanResTime" : 58.540000000000006,
    "medianResTime" : 36.0,
    "minResTime" : 26.0,
    "maxResTime" : 478.0,
    "pct1ResTime" : 119.90000000000003,
    "pct2ResTime" : 141.0,
    "pct3ResTime" : 301.94000000000005,
    "throughput" : 5.013871711735803,
    "receivedKBytesPerSec" : 3.260975156265668,
    "sentKBytesPerSec" : 1.0504485587207941
  },
  "Send Message" : {
    "transaction" : "Send Message",
    "sampleCount" : 30000,
    "errorCount" : 0,
    "errorPct" : 0.0,
    "meanResTime" : 0.009566666666666621,
    "medianResTime" : 0.0,
    "minResTime" : 0.0,
    "maxResTime" : 4.0,
    "pct1ResTime" : 0.0,
    "pct2ResTime" : 0.0,
    "pct3ResTime" : 0.0,
    "throughput" : 502.15928492517827,
    "receivedKBytesPerSec" : 0.0,
    "sentKBytesPerSec" : 47.62170039503197
  },
  "WebSocket Close" : {
    "transaction" : "WebSocket Close",
    "sampleCount" : 300,
    "errorCount" : 300,
    "errorPct" : 100.0,
    "meanResTime" : 2822.0400000000004,
    "medianResTime" : 1153.5,
    "minResTime" : 0.0,
    "maxResTime" : 6004.0,
    "pct1ResTime" : 6001.0,
    "pct2ResTime" : 6002.0,
    "pct3ResTime" : 6003.0,
    "throughput" : 5.0223494550750845,
    "receivedKBytesPerSec" : 0.0,
    "sentKBytesPerSec" : 0.15204378233137464
  }
}