{
  "GET /chat-server/" : {
    "transaction" : "GET /chat-server/",
    "sampleCount" : 70000,
    "errorCount" : 0,
    "errorPct" : 0.0,
    "meanResTime" : 16.517528571428347,
    "medianResTime" : 15.0,
    "minResTime" : 11.0,
    "maxResTime" : 277.0,
    "pct1ResTime" : 19.0,
    "pct2ResTime" : 22.0,
    "pct3ResTime" : 30.0,
    "throughput" : 1136.8804001819008,
    "receivedKBytesPerSec" : 887.0775778763074,
    "sentKBytesPerSec" : 185.40920588904046
  },
  "Total" : {
    "transaction" : "Total",
    "sampleCount" : 100600,
    "errorCount" : 300,
    "errorPct" : 0.29821074,
    "meanResTime" : 19.97371769383688,
    "medianResTime" : 15.0,
    "minResTime" : 0.0,
    "maxResTime" : 6002.0,
    "pct1ResTime" : 18.0,
    "pct2ResTime" : 21.0,
    "pct3ResTime" : 31.0,
    "throughput" : 1633.8595465471317,
    "receivedKBytesPerSec" : 890.2465051078411,
    "sentKBytesPerSec" : 232.7844142325245
  },
  "WebSocket Open Connection" : {
    "transaction" : "WebSocket Open Connection",
    "sampleCount" : 300,
    "errorCount" : 0,
    "errorPct" : 0.0,
    "meanResTime" : 37.09,
    "medianResTime" : 31.0,
    "minResTime" : 25.0,
    "maxResTime" : 190.0,
    "pct1ResTime" : 42.0,
    "pct2ResTime" : 70.69999999999993,
    "pct3ResTime" : 170.9000000000001,
    "throughput" : 5.013871711735803,
    "receivedKBytesPerSec" : 3.260975156265668,
    "sentKBytesPerSec" : 1.0507260190694254
  },
  "Send Message" : {
    "transaction" : "Send Message",
    "sampleCount" : 30000,
    "errorCount" : 0,
    "errorPct" : 0.0,
    "meanResTime" : 0.006833333333333336,
    "medianResTime" : 0.0,
    "minResTime" : 0.0,
    "maxResTime" : 1.0,
    "pct1ResTime" : 0.0,
    "pct2ResTime" : 0.0,
    "pct3ResTime" : 0.0,
    "throughput" : 501.98283218713925,
    "receivedKBytesPerSec" : 0.0,
    "sentKBytesPerSec" : 47.60529351354517
  },
  "WebSocket Close" : {
    "transaction" : "WebSocket Close",
    "sampleCount" : 300,
    "errorCount" : 300,
    "errorPct" : 100.0,
    "meanResTime" : 2805.9899999999966,
    "medianResTime" : 1040.0,
    "minResTime" : 0.0,
    "maxResTime" : 6002.0,
    "pct1ResTime" : 6001.0,
    "pct2ResTime" : 6002.0,
    "pct3ResTime" : 6002.0,
    "throughput" : 5.0205003765375285,
    "receivedKBytesPerSec" : 0.0,
    "sentKBytesPerSec" : 0.15198780436783532
  }
}