{
  "GET /chat-server/" : {
    "transaction" : "GET /chat-server/",
    "sampleCount" : 70000,
    "errorCount" : 1,
    "errorPct" : 0.0014285714,
    "meanResTime" : 19.957671428571455,
    "medianResTime" : 17.0,
    "minResTime" : 11.0,
    "maxResTime" : 18195.0,
    "pct1ResTime" : 25.0,
    "pct2ResTime" : 31.0,
    "pct3ResTime" : 49.0,
    "throughput" : 891.7879073559762,
    "receivedKBytesPerSec" : 695.8634477635234,
    "sentKBytesPerSec" : 145.4359892356422
  },
  "Total" : {
    "transaction" : "Total",
    "sampleCount" : 100600,
    "errorCount" : 301,
    "errorPct" : 0.29920477,
    "meanResTime" : 22.57244532803196,
    "medianResTime" : 16.0,
    "minResTime" : 0.0,
    "maxResTime" : 18195.0,
    "pct1ResTime" : 24.0,
    "pct2ResTime" : 30.0,
    "pct3ResTime" : 49.0,
    "throughput" : 1281.6266211430175,
    "receivedKBytesPerSec" : 698.3492070253777,
    "sentKBytesPerSec" : 182.5976547570515
  },
  "WebSocket Open Connection" : {
    "transaction" : "WebSocket Open Connection",
    "sampleCount" : 300,
    "errorCount" : 0,
    "errorPct" : 0.0,
    "meanResTime" : 47.40333333333334,
    "medianResTime" : 35.0,
    "minResTime" : 25.0,
    "maxResTime" : 352.0,
    "pct1ResTime" : 75.90000000000003,
    "pct2ResTime" : 105.94999999999999,
    "pct3ResTime" : 263.3500000000006,
    "throughput" : 5.014374540349,
    "receivedKBytesPerSec" : 3.2613021912816738,
    "sentKBytesPerSec" : 1.0507171339088721
  },
  "Send Message" : {
    "transaction" : "Send Message",
    "sampleCount" : 30000,
    "errorCount" : 0,
    "errorPct" : 0.0,
    "meanResTime" : 0.006400000000000032,
    "medianResTime" : 0.0,
    "minResTime" : 0.0,
    "maxResTime" : 4.0,
    "pct1ResTime" : 0.0,
    "pct2ResTime" : 0.0,
    "pct3ResTime" : 0.0,
    "throughput" : 502.00803212851406,
    "receivedKBytesPerSec" : 0.0,
    "sentKBytesPerSec" : 47.60748724062918
  },
  "WebSocket Close" : {
    "transaction" : "WebSocket Close",
    "sampleCount" : 300,
    "errorCount" : 300,
    "errorPct" : 100.0,
    "meanResTime" : 2864.4600000000005,
    "medianResTime" : 1454.5,
    "minResTime" : 0.0,
    "maxResTime" : 6002.0,
    "pct1ResTime" : 6001.0,
    "pct2ResTime" : 6002.0,
    "pct3ResTime" : 6002.0,
    "throughput" : 5.020752443432856,
    "receivedKBytesPerSec" : 0.0,
    "sentKBytesPerSec" : 0.15199543529923684
  }
}